representative	member
A0A2S1GLS6	A0A2S1GLS6
A0A0A0Q0K7	A0A0A0Q0K7
A0A0A0Q0K7	A0A1D3RKU5
A0A0A0Q0K7	A0A6B9J3V6
A0A0A0Q0K7	A0A4Y5TR28
A0A0A0Q0K7	A0A5B9NK62
A0A0A0Q0K7	A0A2I6UG18
A0A0A0Q0K7	A0A5P8PKL5
A0A0A0Q0K7	A0A6B9M3M6
A0A159B804	A0A159B804
A0A159B804	A0A5Q2F6U6
A0A159B804	A0A7T3TJQ1
A0A159B804	A0AB39U1K0
A0A159B804	A0A2K9V5T8
A0A159B804	A0AAX4GZM2
A0A159B804	A0AB39U0F1
A0A159B804	A0A0K1Y5I3
A0A159B804	A0A2Z4QAP8
A0A159B804	A0AB39C2Y7
A0A159B804	A0A1J0MHC7
A0A159B804	A0AAU8BB82
A0A159B804	A0A386K8T9
A0A159B804	A0A1B1P933
K4I475	K4I475
K4I475	A0A2D1GM49
K4I475	A0A1B0VVB2
K4I475	M1EB92
K4I475	A0A0B4L9J4
A0A1Z1LYH3	A0A1Z1LYH3
A0A1Z1LYH3	A0A2Z5ZD75
A0A1Z1LYH3	A0A1Z1LXR7
A0A1Z1LYH3	A0A1Z1LZB3
A0A0K1LKM2	A0A0K1LKM2
A0A0K1LKM2	C3V1N6
A0A0K1LKM2	A0AAF0FJI0
A0A0K1LKM2	A0AAF0JJC7
A0A0K1LKM2	A0AAF0FPD1
A0A0K1LKM2	A0A097J6P2
A0A0K1LKM2	Q06EF1
A0A0K1LKM2	A0A7D5JDX1
A0A0K1LKM2	A0A173GAB8
A0A0K1LKM2	A0A6G8R9J2
A0A0K1LKM2	A0A386KIG7
A0A0K1LKM2	A0A482MYX5
A0A0K1LKM2	A0A6H0XA61
A0A0K1LKM2	A0A4P8MVK0
A0A0K1LKM2	A0A2K9VFI1
A0A0K1LKM2	A0A6B9KTN1
A0A0K1LKM2	A0AB39CBE6
A0A0K1LKM2	A0A482GKV4
A0A0K1LKM2	A0A0A0PSJ3
A0A0K1LKM2	A0A162EEH6
A0A0K1LKM2	F2VXN2
A0A0K1LKM2	A0A2K9VBI0
A0A0K1LKM2	A0A7D5JFU4
A0A0K1LKM2	A0A449C612
A0A0K1LKM2	A0A5B9MYE6
A0A0K1LKM2	C3V2G3
A0A0K1LKM2	A0A449C513
A0A0K1LKM2	A0A482MXA2
A0A0K1LKM2	A0A6M3G8R9
A0A0K1LKM2	A0A384TCU4
A0A0K1LKM2	A0A482GLD7
A0A0K1LKM2	A0A2K9VMG0
A0A0K1LKM2	A0A0M7Q943
A0A0K1LKM2	A0A3S7GS75
A0A0K1LKM2	A0A0M7Q851
A0A0K1LKM2	A0A0M7QA88
A0A0K1LKM2	A0A7D5G1Y3
A0A0K1LKM2	A0A3B8E144
A0A0K1LKM2	A0A0M7QFT9
A0A0K1LKM2	A0A6G8R864
A0A0K1LKM2	A0A2K9VL55
A0A0K1LKM2	A0A1J0GTD7
A0A0K1LKM2	A0A2Z5H4D1
A0A0K1LKM2	A0A482N1J6
A0A0K1LKM2	A0A2S1GQ37
A0A0K1LKM2	A0A193GZQ3
A0A0K1LKM2	A0AAU6NT68
A0A0K1LKM2	A0A346FJQ6
A0A0K1LKM2	A0A6G9LUB0
A0A0K1LKM2	A0A482GHM2
A0A0K1LKM2	A0A7T1Y0C2
A0A0K1LKM2	A0A7D5JDQ1
A0A0K1LKM2	A0A482GSQ7
A0A0K1LKM2	A0A482GFT4
A0A0K1LKM2	A0A6B9WKP2
A0A0K1LKM2	A0A482N0W1
A0A0K1LKM2	S5M9D8
A0A0K1LKM2	A0A0M7QB15
A0A0K1LKM2	A0A345AZF5
A0A0K1LKM2	G1FH99
A0A0K1LKM2	A0A5B9MX09
A0A0K1LKM2	A0A160CBD1
A0A0K1LKM2	A0A384T809
A0A0K1LKM2	A0A6B9WJD2
A0A0K1LKM2	A0A482GKN1
A0A0K1LKM2	A0A5B9MWN2
A0A0K1LKM2	A0A097J860
A0A0K1LKM2	A0A291LDB1
A0A0K1LKM2	A0A6B9WG19
A0A0K1LKM2	A0A6B9LQV4
A0A0K1LKM2	A0A097J156
A0A0K1LKM2	A0A3G9GV30
A0A0K1LKM2	A0A097J523
A0A0K1LKM2	I7K3T6
A0A0K1LKM2	A0A3G3MB24
A0A0K1LKM2	D9IEL2
A0A0K1LKM2	A0A7S9XEW0
A0A0K1LKM2	A0A1W5LJ72
A0A0K1LKM2	A0A097J2T2
A0A0K1LKM2	A0AB39CA96
A0A0K1LKM2	A0A097J4D2
A0A0K1LKM2	A0A097J7B9
A0A0K1LKM2	A0A2U8QQB8
A0A0K1LKM2	A0A2K9VGH3
A0A0K1LKM2	A0A097J3D9
A0A0K1LKM2	A0A097J1W0
A0A0K1LKM2	A0A482N343
A0A0K1LKM2	A0A097BX35
A0A0K1LKM2	A0A449C3W3
A0A0K1LKM2	A0A1L7DRB6
A0A0K1LKM2	A0A7T7GUI3
A0A0K1LKM2	A0A291AZL0
A0A0K1LKM2	D4Z9X6
A0A0K1LKM2	G0X5U8
A0A0K1LKM2	I7B362
A0A0K1LKM2	A0A2K9VN13
A0A0K1LKM2	A0A4Y6ED85
A0A0K1LKM2	A0A7S6HSK4
A0A0K1LKM2	A0A097J5V3
A0A0K1LKM2	A0A023ZUF6
A0A0K1LKM2	A0A249XVT1
A0A0K1LKM2	A0A6B9WH84
A0A0K1LKM2	P32277
A0A0K1LKM2	E5FIM7
A0A0K1LKM2	A0A0A7HCR3
A0A0K1LKM2	A0A0A7HFD8
A0A0K1LKM2	G3MV27
A0A0K1LKM2	A0A2S1GRM2
A0A0K1LKM2	A0A172Q1C4
A0A0K1LKM2	A0AB38Z2B9
A0A0K1LKM2	C4MZR8
A0A0K1LKM2	A0A172Q1X6
A0A0K1LKM2	A0A3Q9R9G4
A0A0K1LKM2	A0A410T524
A0A0K1LKM2	D7RMI3
A0A0K1LKM2	A0A858I6B3
A0A0K1LKM2	A0A2S1GNZ5
A0A0K1LKM2	A0AAE9C8P9
A0A0K1LKM2	A0A0A7HDJ4
A0A0K1LKM2	Q5QBW9
A0A0K1LKM2	A0A0A7HC84
A0A0K1LKM2	E3SEZ4
A0A0K1LKM2	A0A2Z5WKR4
A0A0K1LKM2	A0A3G3BZS3
A0A0K1LKM2	A0A0K1LMT7
A0A0K1LKM2	A0A0A0YQZ9
A0A0K1LKM2	A0A5B9NG94
A0A0K1LKM2	E5DIJ1
A0A0K1LKM2	W6ASM2
A0A0K1LKM2	A0A2R3ZX95
A0A0K1LKM2	A0A193H2L8
A0A0K1LKM2	A0AAX4R6P7
A0A0K1LKM2	A0AB39AKQ4
A0A0K1LKM2	A0A7H0XCB4
A0A0K1LKM2	A0A514U5S8
A0A0K1LKM2	A0A7L7SRQ0
A0A0K1LKM2	A0A193H0X5
A0A0K1LKM2	A0A2Z5WKJ0
A0A0K1LKM2	A0A249XZX2
A0A0K1LKM2	A0A6G8QX70
A0A0K1LKM2	A0A2S1GQU6
A0A0K1LKM2	A0A8F3C7U5
A0A0K1LKM2	A0A482GBH3
A0A0K1LKM2	A0A482MXF7
A0A0K1LKM2	A0A482MYK5
A0A0K1LKM2	A0A650FBF2
A0A0K1LKM2	A0A067ZK08
A0A0K1LKM2	A0A3G2KCE4
A0A0K1LKM2	A0A3G2KB96
A0A0K1LKM2	A0A193H2X3
A0A0K1LKM2	Q7Y4V8
A0A0K1LKM2	A0A0F6TJX5
A0A0K1LKM2	A0A0F6R5G5
A0A0K1LKM2	A0A218MAE0
A0A0K1LKM2	A0A0F6R6R5
A0A0K1LKM2	A0A6G6XHP2
A0A0K1LKM2	A0A6B9XBU0
A0A0K1LKM2	A0A4D6DXE6
A0A0K1LKM2	A0A384T9N7
A0A0K1LKM2	A0A386K3U6
A0A0K1LKM2	A0A0U2D9F6
A0A0K1LKM2	A0A5B9MXH1
A0A0K1LKM2	A0A5B9N010
A0A0K1LKM2	A0A5B9N2G0
A0A0K1LKM2	A0A3G3MC85
A0A0K1LKM2	A0A2Z4QC56
A0A0K1LKM2	A0A2U8QQE6
A0A0K1LKM2	A0A899IN16
A0A0K1LKM2	A0A1W6JU10
A0A0K1LKM2	A0A088FRC8
A0A0K1LKM2	A0AAE7WFU6
A0A0K1LKM2	A0A6B9Y0I4
A0A0K1LKM2	A0A7G3KFM9
A0A0K1LKM2	A0A0B6VSS9
A0A0K1LKM2	A0A0B6VPG3
A0A1V0DXU5	A0A1V0DXU5
E5E3Z1	E5E3Z1
D9I5Z3	D9I5Z3
A0A3Q9R788	A0A3Q9R788
A0A3Q9R788	A0A650EUV7
A0A3Q9R788	A0A6B9SU65
A0A3Q9R788	A0A345AUJ5
A0A3Q9R788	A0A7D3UKP8
A0A3Q9R788	A0A6M9Z6L1
A0A3Q9R788	A0A7G9VXR5
A0A3Q9R788	A0A6B9J9P2
A0A3Q9R788	A0A6B9JA92
A0A3Q9R788	A0A4Y1NLZ4
A0A3Q9R788	A0A6B9M1N4
A0A3Q9R788	A0A385IIC6
A0A3Q9R788	E5EPE4
A0A3Q9R788	A0A6B9SYQ5
A0A3Q9R788	I3WVV6
A0A3Q9R788	A0AB38ZCG9
A0A3Q9R788	A0A410T5K6
K4F865	K4F865
K4F865	A0A1W5N132
K4F865	A0A1W5P0Y5
K4F865	A0A1X8VCC9
K4F865	A0A7I8HN59
K4F865	A0A6M3YN78
K4F865	A0A8E7KXP0
K4F865	A0A7T3NBD4
K4F865	A0ABV8PNW1
K4F865	A0A0M4RT38
K4F865	A0A3B8DIZ3
K4F865	A0A0K0QTF1
K4F865	Q56BF0
K4F865	K0NN08
K4F865	M9V1J0
K4F865	D9ICU5
K4F865	A0A076YPP0
K4F865	D5JFQ5
K4F865	A0A0K1LQT9
K4F865	A0A0K2FH07
K4F865	A0A193GZE7
K4F865	A0A1G4GQL8
K4F865	A0AB39C9G3
K4F865	A0A7T8ERA2
K4F865	A0A0K1LPU3
K4F865	K7NRF4
K4F865	A0A1B1IXB0
A0A249XWR7	A0A249XWR7
A0A249XWR7	A0A0G2SSQ5
A0A249XWR7	A0A2I6PFF3
A0A192Y9L9	A0A192Y9L9
A0A2U7NJK2	A0A2U7NJK2
A0AAE9K677	A0AAE9K677
E1A2D1	E1A2D1
E1A2D1	E5DQG6
E1A2D1	A0A2H4YFL8
A0A411B8G3	A0A411B8G3
A0A411B8G3	I6WC32
A0A411B8G3	A0A291LDH5
A0A411B8G3	A0A291LE41
A0A411B8G3	A0A291LF97
A0A411B8G3	A0A223LD61
A0A411B8G3	A0AB39TZ93
E5DRQ6	E5DRQ6
E5DRQ6	A0A219YBV0
A0AAJ1VMH4	A0AAJ1VMH4
A0AAJ1VMH4	A0A3D9AY30
A0AAJ1VMH4	A0ABM8KAG8
A0AAJ1VMH4	A0A9Q3V532
A0AAJ1VMH4	A0A202C1W7
A0AAJ1VMH4	A0A1M5D942
A0AAJ1VMH4	A0A1N7NV38
A0AAJ1VMH4	A0A2S9CWJ6
A0AAJ1VMH4	A0A1M5BLC9
A0AAJ1VMH4	A0ABS9CA17
A0AAJ1VMH4	A0A0Q3HNP5
A0AAJ1VMH4	A0ABT8U5H4
A0AAJ1VMH4	A0A2M9BXB2
A0AAJ1VMH4	A0A5B2TTS3
A0AAJ1VMH4	A0ABT3Y0Z5
A0AAJ1VMH4	A0ABN0AV40
A0AAJ1VMH4	A0A448B7F3
A0AAJ1VMH4	T1FLW8
A0AAJ1VMH4	A0ABT2IR83
A0AAJ1VMH4	A0ABR6Q5L1
A0AAJ1VMH4	A0ABS8A3Y0
A0AAJ1VMH4	A0ABT2IEW0
A0AAJ1VMH4	A0ABT2WC14
A0AAJ1VMH4	A0A1K2IU89
A0AAJ1VMH4	A0A1N7JFB4
A0AAJ1VMH4	A0A5D8ZI36
A0AAJ1VMH4	A0A172XS85
A0AAJ1VMH4	A0ABT3XT57
A0AAJ1VMH4	A0A1N6F9V4
A0AAJ1VMH4	A0A9Q3UUW4
A0AAJ1VMH4	A0ABP9MHK2
A0AAJ1VMH4	A0AAE3Y9W7
A0AAJ1VMH4	A0A316WU56
A0AAJ1VMH4	A0ABX9IL73
A0A5P8PHG5	A0A5P8PHG5
A0A5P8PHG5	A0A023W6Q5
A0A2D0AIU6	A0A2D0AIU6
A0A2D0AIU6	A0A437U886
A0A068J6Q9	A0A068J6Q9
A0A068J6Q9	A0A126HGP5
A0A068J6Q9	V9LYQ3
A0A068J6Q9	A0A6B9ST05
A0A068J6Q9	A0A0D4DBL6
A0A068J6Q9	Q6WI19
A0A068J6Q9	A0A6H0X934
A0A068J6Q9	I6XGW3
A0ABP3TZA5	A0ABP3TZA5
A0ABP3TZA5	A0A2D0N534
A0A2V4BUN2	A0A2V4BUN2
A0A5M8P0J8	A0A5M8P0J8
A0A1V1P9I0	A0A1V1P9I0
A0A9D5P2T4	A0A9D5P2T4
A0A8D9CCI5	A0A8D9CCI5
A0A5C7FVE6	A0A5C7FVE6
A0ABR7QA46	A0ABR7QA46
A0A6N1NMK5	A0A6N1NMK5
A0A6N1NMK5	A0A6N1NWF9
A0A481ZBG5	A0A481ZBG5
A0A167R8R9	A0A167R8R9
A0A8S5ULL9	A0A8S5ULL9
