Enzyme;0.5 h (1% (v/v));1 h (1% (v/v));2 h (1% (v/v));4 h  (1% (v/v));0.5 h  (0.5% (v/v));2 h (0.5% (v/v));sequence
EpC_Rnl2;88.6 ;76.9 ;92.8 ;94.5 ;59.9 ;89.5 ;
Rnl2_23 ;88.5 ;77.6 ;91.7 ;95.4 ;53.9 ;84.0 ;
Rnl2_24 ;79.2 ;61.8 ;83.8 ;95.1 ;29.4 ;74.0 ;
Rnl2_20 ;69.7 ;63.1 ;80.6 ;92.8 ;26.0 ;69.0 ;
Rnl2_13 ;69.7 ;61.7 ;69.5 ;93.9 ;25.3 ;67.7 ;
Rnl2_25 ;65.5 ;61.8 ;85.0 ;94.3 ;24.6 ;71.0 ;
Rnl2_12 ;64.3 ;66.9 ;74.0 ;93.3 ;24.2 ;67.2 ;
Rnl2_07 ;59.7 ;78.2 ;74.4 ;94.6 ;21.1 ;67.8 ;
Rnl2_26 ;54.2 ;51.8 ;79.9 ;93.5 ;19.0 ;58.2 ;
Rnl2_18 ;54.0 ;52.2 ;76.5 ;93.5 ;17.5 ;55.0 ;
Rnl2_19 ;49.8 ;60.7 ;75.1 ;88.5 ;15.5 ;47.0 ;
Rnl2_04 ;46.0 ;67.5 ;69.5 ;91.7 ;15.3 ;49.3 ;
Rnl2_09 ;40.3 ;56.5 ;63.4 ;89.1 ;12.7 ;50.0 ;
Rnl2_19 ;30.1 ;49.4 ;56.9 ;87.9 ;9.6 ;36.0 ;
Rnl2_11 ;20.9 ;35.0 ;47.8 ;80.4 ;5.7 ;22.6 ;
T4_Rnl2 ;17.2 ;32.8 ;44.1 ;76.5 ;5.1 ;20.8 ;